cycles,correlations
5,0.4811800610376399
7,0.4923702950152594
9,0.49440488301119023
10,0.46897253306205494
20,0.49745676500508645
30,0.3641912512716175
5,7,0.4762773722627737
5,9,0.4784172661870504
5,10,0.4682230869001297
5,20,0.48335974643423135
5,30,0.36428571428571427
7,9,0.4868686868686869
7,10,0.459915611814346
7,20,0.49
7,30,0.3587174348697395
9,10,0.46484375
9,20,0.492
9,30,0.35610766045548653
10,20,0.4772413793103448
10,30,0.3651315789473684
20,30,0.375
5,7,9,0.45454545454545453
5,7,10,0.454320987654321
5,7,20,0.46839080459770116
5,7,30,0.3557692307692308
5,9,10,0.4696261682242991
5,9,20,0.4914772727272727
5,9,30,0.35714285714285715
5,10,20,0.4772727272727273
5,10,30,0.3514644351464435
5,20,30,0.35638297872340424
7,9,10,0.44176706827309237
7,9,20,0.47265625
7,9,30,0.3643724696356275
7,10,20,0.4692737430167598
7,10,30,0.34448160535117056
7,20,30,0.35714285714285715
9,10,20,0.4907161803713528
9,10,30,0.35161290322580646
9,20,30,0.3713235294117647
10,20,30,0.3691275167785235
5,7,9,10,0.43612334801762115
5,7,9,20,0.45454545454545453
5,7,9,30,0.3465909090909091
5,7,10,20,0.46078431372549017
5,7,10,30,0.33203125
5,7,20,30,0.33004926108374383
5,9,10,20,0.4936708860759494
5,9,10,30,0.3425196850393701
5,9,20,30,0.3613861386138614
5,10,20,30,0.3522727272727273
7,9,10,20,0.4666666666666667
7,9,10,30,0.3333333333333333
7,9,20,30,0.36054421768707484
7,10,20,30,0.3438914027149321
9,10,20,30,0.3744493392070485
5,7,9,10,20,0.45454545454545453
5,7,9,10,30,0.3191489361702128
5,7,9,20,30,0.3418803418803419
5,7,10,20,30,0.32620320855614976
5,9,10,20,30,0.3655913978494624
7,9,10,20,30,0.36363636363636365
5,7,9,10,20,30,0.34579439252336447
